{"initial_reset_timestamp": 1594910911.3891237, "timestamps": [1594911194.5076048, 1594911325.0944595, 1594911528.8049395, 1594911586.9339924, 1594911628.201231], "episode_lengths": [2000, 943, 2000, 537, 402], "episode_rewards": [21343.8836278303, 9390.124413984278, 21378.32284932903, 5073.163330063076, 3952.5703474693396], "episode_types": ["t", "t", "t", "t", "t", "t", "t", "t", "t"]}